,Episode,Best score so far,Eval score,"Eval, g: []: mean_agg","Eval, g: []: std_agg","Eval, g: []: mean_C0","Eval, g: []: std_C0",Loss 1,"Train, Cost 1","Train, Aggregated cost"
0,1,112878.08388872445,112878.08388872445,3270.4851138016925,3270.4851138016925,112878.08388872445,0.0,,115103.08641237766,3214.0413432621954
1,2,112878.08388872445,112878.08388872445,3270.4851138016925,3270.4851138016925,112878.08388872445,0.0,30548.291015625,112362.59969328344,3214.292908377762
2,3,112878.08388872445,113052.8554963991,3272.8890774451424,3272.8890774451424,113052.8554963991,0.0,33031.11328125,125816.28706727177,3279.2006363304536
3,4,112878.08388872445,113041.33887320012,3272.8545955054346,3272.8545955054346,113041.33887320012,0.0,32141.142578125,111637.20969416946,3204.2730247931754
4,5,112878.08388872445,113020.65000297874,3272.7722373298157,3272.7722373298157,113020.65000297874,0.0,31609.697265625,112429.91298218071,3263.089899522456
5,6,112878.08388872445,112987.46195217967,3272.5952084273445,3272.5952084273445,112987.46195217967,0.0,32188.46875,119915.38603974879,3377.868321115145
6,7,112878.08388872445,112942.22645317018,3272.246401350074,3272.246401350074,112942.22645317018,0.0,32075.71875,117401.98680972308,3335.6624534222137
7,8,112836.59009467065,112836.59009467065,3270.7274915366793,3270.7274915366793,112836.59009467065,0.0,32382.890625,119575.53306761384,3374.1382151080666
8,9,112799.05844511092,112799.05844511092,3270.481915299709,3270.481915299709,112799.05844511092,0.0,32378.5625,117031.8242250979,3328.6097474342814
9,10,112799.05844511092,112810.66433015466,3270.551715029856,3270.551715029856,112810.66433015466,0.0,31935.517578125,113299.47995375842,3272.205547402776
10,11,112412.87908424437,112412.87908424437,3264.6075591468925,3264.6075591468925,112412.87908424437,0.0,31868.517578125,114296.90253271908,3289.1861596934496
11,12,112412.87908424437,112790.35687019676,3270.4177040385052,3270.4177040385052,112790.35687019676,0.0,31726.103515625,112117.62755468488,3250.799496501558
12,13,112412.87908424437,115464.76256139576,3309.3390838475066,3309.3390838475066,115464.76256139576,0.0,31536.8203125,114772.83871011436,3294.967494686498
13,14,112412.87908424437,115464.76256139576,3309.3390838475066,3309.3390838475066,115464.76256139576,0.0,31540.509765625,111499.09655524045,3243.2376914968627
14,15,112412.87908424437,115450.86702102423,3309.3015612970635,3309.3015612970635,115450.86702102423,0.0,31353.962890625,108436.82121562958,3176.9550575862477
15,16,112412.87908424437,115867.94379590452,3319.536908400185,3319.536908400185,115867.94379590452,0.0,31234.380859375,114575.70597925782,3295.9593680626385
16,17,112412.87908424437,115867.94379590452,3319.536908400185,3319.536908400185,115867.94379590452,0.0,31297.474609375,115862.37881762534,3315.5654238274
17,18,112412.87908424437,115286.1736118868,3307.176585574643,3307.176585574643,115286.1736118868,0.0,31357.302734375,115863.55661912262,3319.5212943857796
18,19,112412.87908424437,116421.41356337816,3326.480839882115,3326.480839882115,116421.41356337816,0.0,31211.8671875,114791.45102009922,3295.178315472809
19,20,112412.87908424437,116421.41356337816,3326.480839882115,3326.480839882115,116421.41356337816,0.0,31423.8515625,118116.26916377991,3356.727134106423
20,21,112412.87908424437,116421.41356337816,3326.480839882115,3326.480839882115,116421.41356337816,0.0,31423.9375,117262.19807974249,3339.0070995076917
21,22,112412.87908424437,116319.36693463475,3322.5133225629534,3322.5133225629534,116319.36693463475,0.0,31578.064453125,118162.85186866671,3349.89331319386
22,23,112412.87908424437,116319.36693463475,3322.5133225629534,3322.5133225629534,116319.36693463475,0.0,31575.958984375,118466.93922454119,3359.798654359407
23,24,112412.87908424437,116346.26066143066,3322.6403230390524,3322.6403230390524,116346.26066143066,0.0,32205.0859375,133410.55943244696,3415.3927754441247
24,25,112412.87908424437,116266.41041103005,3319.9525123518133,3319.9525123518133,116266.41041103005,0.0,32122.873046875,117339.5069457218,3339.047133056453
25,26,112412.87908424437,116153.82130496204,3318.7329198882444,3318.7329198882444,116153.82130496204,0.0,32200.7109375,114268.96881045401,3282.6697881094537
26,27,112412.87908424437,117611.06100847572,3341.8709223412434,3341.8709223412434,117611.06100847572,0.0,32018.296875,115397.99252498895,3313.719231947385
27,28,112412.87908424437,117611.06100847572,3341.8709223412434,3341.8709223412434,117611.06100847572,0.0,31941.046875,112418.82706259191,3262.3121507135606
28,29,112412.87908424437,130013.81576057523,3477.6055117374317,3477.6055117374317,130013.81576057523,0.0,31844.234375,115189.61396744847,3297.14350051959
29,30,110909.93399052322,110909.93399052322,3201.8707429546694,3201.8707429546694,110909.93399052322,0.0,32066.765625,114933.69552765042,3300.8505641541688
30,31,110909.93399052322,115846.39536496252,3312.3979012381687,3312.3979012381687,115846.39536496252,0.0,31616.986328125,108010.83370112628,3177.4814163495257
31,32,110909.93399052322,115698.32546746731,3309.41430544334,3309.41430544334,115698.32546746731,0.0,31710.107421875,115454.93143124878,3308.1984586069793
32,33,110909.93399052322,115689.83190389723,3309.3633538533177,3309.3633538533177,115689.83190389723,0.0,31667.658203125,114814.26943201572,3301.9275391196634
33,34,110909.93399052322,115689.83190389723,3309.3633538533177,3309.3633538533177,115689.83190389723,0.0,31983.6953125,133747.6471804455,3522.9414067119133
34,35,108333.11162162572,108333.11162162572,3176.684942315026,3176.684942315026,108333.11162162572,0.0,31904.978515625,115517.62492124736,3308.161233478315
35,36,108333.11162162572,108333.11162162572,3176.684942315026,3176.684942315026,108333.11162162572,0.0,31980.8359375,107097.33367603272,3167.9601985929335
36,37,108333.11162162572,109628.82190172374,3193.2473205033402,3193.2473205033402,109628.82190172374,0.0,31749.09375,107035.72203709185,3166.5213243852786
37,38,108333.11162162572,111068.09630590677,3202.702677386793,3202.702677386793,111068.09630590677,0.0,31873.6953125,113188.69178367406,3268.0688053100384
38,39,108333.11162162572,118539.36566996574,3360.1026373985524,3360.1026373985524,118539.36566996574,0.0,31521.234375,109501.11061351746,3193.616626120118
39,40,108333.11162162572,110221.4308694154,3224.964027808584,3224.964027808584,110221.4308694154,0.0,31482.111328125,109330.1397062242,3182.1652140779333
40,41,108333.11162162572,110314.75375308096,3226.285079541344,3226.285079541344,110314.75375308096,0.0,31626.478515625,114910.62404049933,3295.7095231408684
41,42,108333.11162162572,110312.20008835942,3226.2769082032255,3226.2769082032255,110312.20008835942,0.0,31246.34375,114773.25859461725,3298.2540987263046
42,43,108333.11162162572,111243.08854933828,3240.7303242161183,3240.7303242161183,111243.08854933828,0.0,31338.630859375,116475.94553551078,3320.890077226437
43,44,108333.11162162572,115166.5175164938,3305.6965730461593,3305.6965730461593,115166.5175164938,0.0,31522.7578125,107130.1928254813,3165.4226906175454
44,45,108333.11162162572,117676.85812313855,3346.021232939913,3346.021232939913,117676.85812313855,0.0,31416.806640625,130615.37755484134,3494.5016139828126
45,46,108333.11162162572,117658.3281828016,3345.946077144994,3345.946077144994,117658.3281828016,0.0,31607.869140625,108856.02317673713,3174.845756724752
46,47,108333.11162162572,117656.0132438764,3345.9355924024835,3345.9355924024835,117656.0132438764,0.0,31967.958984375,117563.94822606444,3346.1255236113875
47,48,108333.11162162572,112351.78498183936,3261.3254100021722,3261.3254100021722,112351.78498183936,0.0,31559.5546875,126886.37844256312,3343.8543407943384
48,49,108333.11162162572,112351.78498183936,3261.3254100021722,3261.3254100021722,112351.78498183936,0.0,32159.962890625,114341.76387190819,3282.584136824917
49,50,108333.11162162572,112351.78498183936,3261.3254100021722,3261.3254100021722,112351.78498183936,0.0,31628.3984375,117505.01170152426,3347.54257999489
50,51,106681.47652079165,106681.47652079165,3159.41664906543,3159.41664906543,106681.47652079165,0.0,31547.1796875,114396.81565979868,3290.350217476006
51,52,106681.47652079165,120436.4451231584,3385.860582181628,3385.860582181628,120436.4451231584,0.0,31819.203125,115219.85083775967,3302.59604681344
52,53,106681.47652079165,120538.82211142033,3386.8340549702716,3386.8340549702716,120538.82211142033,0.0,31757.533203125,117255.64127329737,3339.9463550936944
53,54,106681.47652079165,117645.25336132199,3342.8266319720215,3342.8266319720215,117645.25336132199,0.0,31825.8203125,113315.58022097498,3272.6302425006606
54,55,106681.47652079165,134590.81930101663,3433.7823053995116,3433.7823053995116,134590.81930101663,0.0,31740.046875,129055.17482289672,3465.9586481246006
55,56,106681.47652079165,117974.17271386832,3308.4541962192607,3308.4541962192607,117974.17271386832,0.0,32266.712890625,134542.00148946792,3436.027875027152
56,57,106681.47652079165,122310.24444883317,3368.800034193041,3368.800034193041,122310.24444883317,0.0,31918.228515625,105705.0437790528,3151.419674927558
57,58,106681.47652079165,123221.85409976542,3377.698603008069,3377.698603008069,123221.85409976542,0.0,32552.845703125,127972.2537130937,3461.6188194807446
58,59,106681.47652079165,120508.13751543313,3347.7701177370204,3347.7701177370204,120508.13751543313,0.0,32307.240234375,123438.43978977203,3376.9495715928997
59,60,106681.47652079165,120594.28716599196,3348.143004172857,3348.143004172857,120594.28716599196,0.0,32255.96875,126714.40866725892,3353.259158849086
60,61,106681.47652079165,109004.29074917734,3197.934369641325,3197.934369641325,109004.29074917734,0.0,32284.287109375,121153.8943561539,3353.52739298464
61,62,106681.47652079165,108953.8440406695,3197.7846667330887,3197.7846667330887,108953.8440406695,0.0,31996.1484375,107832.2453880012,3189.0173805009626
62,63,105709.14026869833,105709.14026869833,3148.467673780574,3148.467673780574,105709.14026869833,0.0,32585.8359375,134119.4182072878,3430.166594320811
63,64,105709.14026869833,105709.14026869833,3148.467673780574,3148.467673780574,105709.14026869833,0.0,32328.8984375,131694.66039265692,3505.7337059332317
64,65,105709.14026869833,105709.14026869833,3148.467673780574,3148.467673780574,105709.14026869833,0.0,32581.216796875,106468.6427032575,3162.8776963847304
65,66,105351.78022630513,105351.78022630513,3146.4358692061905,3146.4358692061905,105351.78022630513,0.0,32397.669921875,125730.92455069721,3432.885658423499
66,67,105351.78022630513,105543.94014814496,3147.8183826140717,3147.8183826140717,105543.94014814496,0.0,32783.48828125,132940.69426786155,3407.018541994794
67,68,105351.78022630513,107398.48270764947,3158.7775484127724,3158.7775484127724,107398.48270764947,0.0,32472.1796875,127681.65427462757,3358.177988605499
68,69,105351.78022630513,108450.75784291327,3168.4539297774318,3168.4539297774318,108450.75784291327,0.0,32605.03125,111061.09823015332,3208.689476641474
69,70,105351.78022630513,105547.38138735294,3142.4968028574035,3142.4968028574035,105547.38138735294,0.0,33097.76953125,116983.64018326253,3332.550324123582
70,71,105223.54588662088,105223.54588662088,3140.198396282345,3140.198396282345,105223.54588662088,0.0,32097.912109375,105757.51859683543,3144.9313788141426
71,72,105223.54588662088,116595.17823774368,3334.2096414283837,3334.2096414283837,116595.17823774368,0.0,32875.10546875,130451.11143306643,3482.765358770478
72,73,105223.54588662088,116595.17823774368,3334.2096414283837,3334.2096414283837,116595.17823774368,0.0,33188.80078125,117525.56602947414,3346.9534601090045
73,74,105223.54588662088,116595.17823774368,3334.2096414283837,3334.2096414283837,116595.17823774368,0.0,32775.69140625,115882.23264944553,3322.9001377404657
74,75,105223.54588662088,116595.17823774368,3334.2096414283837,3334.2096414283837,116595.17823774368,0.0,32413.5390625,125332.49172123522,3340.518368304727
75,76,105223.54588662088,116595.17823774368,3334.2096414283837,3334.2096414283837,116595.17823774368,0.0,32628.03125,115194.79948633164,3303.1109609216105
76,77,105223.54588662088,116598.78997407854,3334.2057637779526,3334.2057637779526,116598.78997407854,0.0,32629.455078125,131761.92107706517,3470.8224485757946
77,78,105223.54588662088,116610.5751439482,3334.2673138637956,3334.2673138637956,116610.5751439482,0.0,32878.91796875,108686.31429955363,3182.1902536438406
78,79,105223.54588662088,118295.22707099468,3359.6665882364146,3359.6665882364146,118295.22707099468,0.0,33323.22265625,130628.99216452241,3491.2346512521344
79,80,105223.54588662088,118329.57639517635,3359.8573093484456,3359.8573093484456,118329.57639517635,0.0,33082.22265625,116709.45189285278,3335.1699853671284
80,81,105223.54588662088,110111.40520837158,3215.2894374842826,3215.2894374842826,110111.40520837158,0.0,32878.83203125,125013.03347975016,3413.874951964055
81,82,105223.54588662088,110110.66993236542,3215.2998545491237,3215.2998545491237,110110.66993236542,0.0,33303.97265625,116136.69361814111,3320.8315286330076
82,83,105223.54588662088,111796.25352495909,3248.072870724625,3248.072870724625,111796.25352495909,0.0,33052.20703125,110101.7505773902,3215.2727432409392
83,84,105223.54588662088,108297.15849085897,3174.005288098294,3174.005288098294,108297.15849085897,0.0,33380.0,111584.25083031505,3215.701430999453
84,85,105223.54588662088,115042.94052848965,3298.0106743969136,3298.0106743969136,115042.94052848965,0.0,33254.14453125,123845.00016323477,3305.3891886092724
85,86,105223.54588662088,115042.94052848965,3298.0106743969136,3298.0106743969136,115042.94052848965,0.0,33492.95703125,112763.73945063353,3273.144212901065
86,87,105223.54588662088,114261.64704113454,3289.2742746689228,3289.2742746689228,114261.64704113454,0.0,33181.87890625,115330.76732981205,3302.2072100740443
87,88,105223.54588662088,129298.79701138288,3320.134294490413,3320.134294490413,129298.79701138288,0.0,33536.76171875,118805.26976200193,3357.8625656497934
88,89,105223.54588662088,127062.58181449026,3310.0254929411985,3310.0254929411985,127062.58181449026,0.0,33022.23828125,123894.25257091224,3285.5214990836384
89,90,105223.54588662088,115458.18154770136,3305.2655794593347,3305.2655794593347,115458.18154770136,0.0,33300.51953125,113723.5288927257,3274.6233157950637
90,91,105223.54588662088,113433.02321813256,3274.309244553825,3274.309244553825,113433.02321813256,0.0,32838.0390625,115769.4408088103,3309.6583326610694
91,92,105223.54588662088,113963.45140738785,3281.672142993636,3281.672142993636,113963.45140738785,0.0,33426.86328125,127336.86372939497,3310.2668888849134
92,93,105223.54588662088,116863.95278015733,3328.965598494663,3328.965598494663,116863.95278015733,0.0,33121.015625,113705.29938251525,3277.6673523943587
93,94,105223.54588662088,116863.95278015733,3328.965598494663,3328.965598494663,116863.95278015733,0.0,33121.32421875,118426.73968305439,3351.0845893162946
94,95,105223.54588662088,113718.70569038391,3277.293429878904,3277.293429878904,113718.70569038391,0.0,33328.93359375,116750.5992642045,3322.6286226368757
95,96,105223.54588662088,113720.52161125094,3277.302934141079,3277.302934141079,113720.52161125094,0.0,32924.05859375,118443.83125834912,3223.4143677876546
96,97,105223.54588662088,114357.88974510878,3286.969534411992,3286.969534411992,114357.88974510878,0.0,32787.38671875,117509.11714028567,3345.811698885881
97,98,105223.54588662088,114357.88974510878,3286.969534411992,3286.969534411992,114357.88974510878,0.0,33584.80859375,113421.9988482222,3264.198459101812
98,99,105223.54588662088,114383.50136766583,3287.070169601383,3287.070169601383,114383.50136766583,0.0,33230.46484375,115367.29812442511,3302.2222416526997
99,100,105223.54588662088,115097.53785544634,3298.8791197758683,3298.8791197758683,115097.53785544634,0.0,33131.34765625,125224.32904554904,3327.1735014592223
100,101,105223.54588662088,115385.64289331436,3303.0548182382377,3303.0548182382377,115385.64289331436,0.0,33026.03515625,112968.27365271747,3262.735793264806
101,102,105223.54588662088,114284.87499256432,3286.8495421920034,3286.8495421920034,114284.87499256432,0.0,33428.38671875,110296.762439318,3190.621828582848
102,103,105223.54588662088,105712.39266818762,3147.067978190516,3147.067978190516,105712.39266818762,0.0,33052.140625,118137.57278214395,3306.8280190106652
103,104,105223.54588662088,114601.6519279182,3292.8860850878864,3292.8860850878864,114601.6519279182,0.0,33145.453125,107452.78879990429,3174.9789184205692
104,105,105223.54588662088,112575.01127502322,3261.643212372661,3261.643212372661,112575.01127502322,0.0,33155.58203125,109951.8695044592,3178.8278462412377
105,106,105223.54588662088,112442.84697580338,3259.9147701538527,3259.9147701538527,112442.84697580338,0.0,32989.80078125,132623.89237870276,3507.725774519191
106,107,105223.54588662088,112442.84697580338,3259.9147701538527,3259.9147701538527,112442.84697580338,0.0,33442.203125,112626.46874374151,3262.05091798521
107,108,105223.54588662088,113109.49020912498,3269.067143864884,3269.067143864884,113109.49020912498,0.0,33640.21875,112681.80814211816,3259.60315224463
108,109,105223.54588662088,116203.58384432644,3321.6669757778254,3321.6669757778254,116203.58384432644,0.0,33269.08203125,112731.40310695767,3264.0076505797415
109,110,105223.54588662088,119463.96509413421,3373.8699477367445,3373.8699477367445,119463.96509413421,0.0,33605.9296875,116291.31937541068,3322.382846633608
110,111,105223.54588662088,119463.96509413421,3373.8699477367445,3373.8699477367445,119463.96509413421,0.0,33540.3515625,114745.8165980205,3294.2621345785146
111,112,105223.54588662088,119463.96509413421,3373.8699477367445,3373.8699477367445,119463.96509413421,0.0,33576.14453125,109115.13926033676,3183.3143186076213
112,113,105223.54588662088,119486.43867283314,3373.9374274523216,3373.9374274523216,119486.43867283314,0.0,33520.13671875,109485.4092438519,3185.32757528234
113,114,105223.54588662088,119491.97556173801,3373.9572603149254,3373.9572603149254,119491.97556173801,0.0,33452.79296875,113585.16904504597,3285.8066596036574
114,115,105223.54588662088,116975.90344430506,3329.6452471139573,3329.6452471139573,116975.90344430506,0.0,33058.609375,119570.19079775363,3372.5985416757717
115,116,105223.54588662088,117334.81102531403,3343.2823465678553,3343.2823465678553,117334.81102531403,0.0,32818.12109375,117769.80009073764,3339.8823560085893
116,117,105223.54588662088,109027.39901608974,3180.07465676608,3180.07465676608,109027.39901608974,0.0,33246.36328125,110060.16420065612,3189.3621627981274
117,118,105223.54588662088,117345.46123742312,3343.359109201741,3343.359109201741,117345.46123742312,0.0,32978.4140625,110800.06793448329,3195.068152350921
118,119,105223.54588662088,117347.09714818001,3343.3944946599695,3343.3944946599695,117347.09714818001,0.0,33476.71484375,115309.25825289637,3303.2074360757033
119,120,105223.54588662088,129812.23075735569,3378.048772573322,3378.048772573322,129812.23075735569,0.0,33147.703125,108988.6050350219,3186.572461107213
120,121,105223.54588662088,129812.23075735569,3378.048772573322,3378.048772573322,129812.23075735569,0.0,33104.1875,127062.31535249203,3338.3365342748853
121,122,105223.54588662088,127746.81416247785,3360.5361989084804,3360.5361989084804,127746.81416247785,0.0,32596.384765625,111064.29818323255,3235.624538824398
122,123,105223.54588662088,129667.85139524192,3376.2495507214503,3376.2495507214503,129667.85139524192,0.0,32951.64453125,110332.6157734245,3220.182086800612
123,124,105223.54588662088,132283.74297086895,3394.5499610982606,3394.5499610982606,132283.74297086895,0.0,32851.09765625,119334.14428910613,3318.060374089468
124,125,105223.54588662088,132962.07354462892,3399.6524656772385,3399.6524656772385,132962.07354462892,0.0,33025.06640625,135433.86702699214,3426.39988139658
125,126,105223.54588662088,111912.38421504945,3215.4652208690804,3215.4652208690804,111912.38421504945,0.0,32505.791015625,109084.9576876834,3189.2940409517864
126,127,105223.54588662088,112262.64513456076,3210.0819394177424,3210.0819394177424,112262.64513456076,0.0,32609.048828125,108662.8942630738,3171.527869810875
127,128,105223.54588662088,112768.09201261401,3212.6763274290356,3212.6763274290356,112768.09201261401,0.0,32609.423828125,112229.9907239303,3210.5576942355356
128,129,105223.54588662088,112768.09201261401,3212.6763274290356,3212.6763274290356,112768.09201261401,0.0,32709.240234375,119308.46197453141,3365.0810480275063
129,130,105223.54588662088,111565.90997580439,3202.309265352545,3202.309265352545,111565.90997580439,0.0,32583.943359375,109532.22698070854,3182.451043352955
130,131,105223.54588662088,112284.26963344216,3210.568375929468,3210.568375929468,112284.26963344216,0.0,32329.572265625,133554.2625042796,3521.6613901398846
131,132,105223.54588662088,112284.26963344216,3210.568375929468,3210.568375929468,112284.26963344216,0.0,32634.4921875,111635.00266105682,3206.8422437481468
132,133,105223.54588662088,115901.38305778801,3313.8180216870282,3313.8180216870282,115901.38305778801,0.0,32603.544921875,110783.16921100765,3195.0642221305575
133,134,105223.54588662088,117252.32323122025,3343.3952066495785,3343.3952066495785,117252.32323122025,0.0,32263.435546875,114693.51734792441,3292.8415239176384
134,135,105223.54588662088,118835.94529592991,3362.78404262537,3362.78404262537,118835.94529592991,0.0,32172.728515625,113798.77656447142,3225.6669580446755
135,136,105223.54588662088,118835.94529592991,3362.78404262537,3362.78404262537,118835.94529592991,0.0,32295.962890625,112673.82416465878,3263.1658211684685
136,137,105223.54588662088,113964.20884791017,3226.509876159854,3226.509876159854,113964.20884791017,0.0,32285.439453125,116740.05396054685,3327.006779083312
137,138,105223.54588662088,113764.91869287938,3226.3851973514375,3226.3851973514375,113764.91869287938,0.0,32144.759765625,112315.74696400017,3258.8915938965056
138,139,105223.54588662088,113764.91869287938,3226.3851973514375,3226.3851973514375,113764.91869287938,0.0,31852.125,111359.48564834148,3192.428497817092
139,140,105223.54588662088,119443.88165486604,3378.5894862745126,3378.5894862745126,119443.88165486604,0.0,32256.791015625,134276.1345385313,3538.313938430192
140,141,105223.54588662088,130111.59934277087,3397.210587504483,3397.210587504483,130111.59934277087,0.0,32569.830078125,130549.90624009073,3387.0649688139447
141,142,105223.54588662088,130111.59934277087,3397.210587504483,3397.210587504483,130111.59934277087,0.0,32696.037109375,134748.88916531205,3536.3892336272165
142,143,105223.54588662088,118478.01308847219,3309.3913629682474,3309.3913629682474,118478.01308847219,0.0,33151.5234375,133183.18193284422,3406.805576709486
143,144,105223.54588662088,129420.07276894152,3361.488501255879,3361.488501255879,129420.07276894152,0.0,33007.9765625,126533.8978131041,3439.3464007791304
144,145,105223.54588662088,117529.2837151885,3347.074115310827,3347.074115310827,117529.2837151885,0.0,33154.87109375,117577.56808368862,3290.1503571311673
145,146,105223.54588662088,117504.29770429432,3346.9587030009698,3346.9587030009698,117504.29770429432,0.0,32381.701171875,106763.7739630416,3153.2687584488667
146,147,105223.54588662088,117482.22331235558,3346.742791908945,3346.742791908945,117482.22331235558,0.0,32807.71484375,134941.28978711367,3506.9810600021024
147,148,105223.54588662088,117504.29770429432,3346.9587030009698,3346.9587030009698,117504.29770429432,0.0,33037.92578125,118451.6743472889,3302.2738575692247
148,149,105223.54588662088,117504.29770429432,3346.9587030009698,3346.9587030009698,117504.29770429432,0.0,32857.4140625,132517.8899367079,3413.047830388592
149,150,105223.54588662088,117475.90361645073,3346.7368935217423,3346.7368935217423,117475.90361645073,0.0,32865.8359375,106850.99702917784,3167.1313466339616
150,151,105223.54588662088,114915.62843647599,3293.3650903988682,3293.3650903988682,114915.62843647599,0.0,33211.20703125,118569.34319669008,3276.429803731281
151,152,105223.54588662088,113892.19545332342,3287.6140214673605,3287.6140214673605,113892.19545332342,0.0,32754.841796875,114146.1551245302,3282.4213344815944
152,153,105223.54588662088,113892.19545332342,3287.6140214673605,3287.6140214673605,113892.19545332342,0.0,32969.48828125,120246.4809114039,3233.0666995629554
153,154,105223.54588662088,113894.47187947482,3287.621808490948,3287.621808490948,113894.47187947482,0.0,32928.1640625,113837.61873331666,3279.2464190894025
154,155,105223.54588662088,113870.90019515902,3287.5251698134607,3287.5251698134607,113870.90019515902,0.0,32858.74609375,115406.59346614778,3311.4741414861837
155,156,105223.54588662088,113870.90019515902,3287.5251698134607,3287.5251698134607,113870.90019515902,0.0,32532.177734375,108572.23343877494,3191.895404494382
156,157,105223.54588662088,113344.45738407224,3281.80684213487,3281.80684213487,113344.45738407224,0.0,32547.6953125,116846.7466833517,3327.65751857941
157,158,105223.54588662088,113337.07134366035,3281.81397495859,3281.81397495859,113337.07134366035,0.0,32967.58203125,119411.87925396115,3371.728736720452
158,159,105223.54588662088,117850.383116588,3347.126012440106,3347.126012440106,117850.383116588,0.0,33249.66015625,116065.77748961002,3320.1331406445343
159,160,105223.54588662088,117863.67977579683,3347.1750260133813,3347.1750260133813,117863.67977579683,0.0,32747.609375,114636.24409455061,3289.677096814915
160,161,105223.54588662088,109488.86461242288,3190.716084893277,3190.716084893277,109488.86461242288,0.0,32980.67578125,125485.16355929524,3418.927202178916
161,162,105223.54588662088,109455.15888211131,3189.7170380258444,3189.7170380258444,109455.15888211131,0.0,32579.505859375,118843.40031794459,3360.824866905006
162,163,105223.54588662088,109455.15888211131,3189.7170380258444,3189.7170380258444,109455.15888211131,0.0,32689.904296875,111027.57612369955,3230.122385491213
163,164,105223.54588662088,109179.54978835583,3188.499677605102,3188.499677605102,109179.54978835583,0.0,32510.0390625,110559.79984346777,3199.591595522693
164,165,105223.54588662088,109240.12897901237,3188.7218334174613,3188.7218334174613,109240.12897901237,0.0,33103.58984375,109179.54978835583,3188.499677605102
165,166,105223.54588662088,109240.12897901237,3188.7218334174613,3188.7218334174613,109240.12897901237,0.0,32929.94140625,115105.53630204499,3303.4210264416724
166,167,105223.54588662088,107770.2650770992,3176.749573371101,3176.749573371101,107770.2650770992,0.0,32460.162109375,114569.84758859873,3294.186165916278
167,168,105223.54588662088,107770.2650770992,3176.749573371101,3176.749573371101,107770.2650770992,0.0,32467.861328125,115985.61085438728,3318.438506946999
168,169,105223.54588662088,117770.8416974172,3348.40982677321,3348.40982677321,117770.8416974172,0.0,32489.501953125,111110.65762832761,3237.0750953446677
169,170,105223.54588662088,118826.3520584181,3359.297126505501,3359.297126505501,118826.3520584181,0.0,32948.74609375,105979.87941039354,3154.957964310818
170,171,105223.54588662088,132454.5301038623,3406.0331193770353,3406.0331193770353,132454.5301038623,0.0,32996.95703125,129126.99614322186,3463.912512452086
171,172,105223.54588662088,132454.5301038623,3406.0331193770353,3406.0331193770353,132454.5301038623,0.0,32760.134765625,134601.2578504011,3417.601763717039
172,173,105223.54588662088,133367.4893257618,3410.5595852547085,3410.5595852547085,133367.4893257618,0.0,32945.23046875,130053.92766037583,3378.472131838168
173,174,105223.54588662088,118572.09458418936,3362.2609118865544,3362.2609118865544,118572.09458418936,0.0,32639.390625,131449.24492820352,3383.121026608818
174,175,105223.54588662088,118388.78862984478,3303.1445375744884,3303.1445375744884,118388.78862984478,0.0,33053.6015625,133677.81815302372,3420.9133783113152
175,176,105223.54588662088,113189.08931174874,3284.4774656053805,3284.4774656053805,113189.08931174874,0.0,32704.8046875,114138.82433167845,3295.8129621824964
176,177,105223.54588662088,120925.8961230889,3337.259447110433,3337.259447110433,120925.8961230889,0.0,33078.0078125,110369.13455851376,3216.7954788049597
177,178,105223.54588662088,113895.9875742197,3283.6153162086466,3283.6153162086466,113895.9875742197,0.0,32753.1875,127758.85805779696,3460.992114149252
178,179,105223.54588662088,118096.87764745206,3352.0838711856077,3352.0838711856077,118096.87764745206,0.0,33048.0859375,112852.4896549359,3265.0081667181735
179,180,105223.54588662088,110597.38057961315,3201.2170042457146,3201.2170042457146,110597.38057961315,0.0,32908.18359375,113677.15471608937,3282.5463511952184
180,181,105223.54588662088,110205.55057515204,3194.152512365752,3194.152512365752,110205.55057515204,0.0,32969.33984375,109919.87336751074,3197.2988223144644
181,182,105223.54588662088,110080.45608908683,3193.468158716273,3193.468158716273,110080.45608908683,0.0,33462.62109375,131854.40556293726,3502.843304445468
182,183,105223.54588662088,110802.39071893692,3199.817258452395,3199.817258452395,110802.39071893692,0.0,33021.44921875,109806.53923392296,3195.452122180416
183,184,105223.54588662088,110890.76662763953,3198.380098416347,3198.380098416347,110890.76662763953,0.0,32826.67578125,117289.87333659828,3334.2368048173994
184,185,105223.54588662088,110890.76662763953,3198.380098416347,3198.380098416347,110890.76662763953,0.0,33132.67578125,117902.06567694247,3340.586409496092
185,186,105223.54588662088,112570.05195628852,3202.528365242745,3202.528365242745,112570.05195628852,0.0,32622.599609375,111032.67789090425,3196.642232224265
186,187,105223.54588662088,112570.05195628852,3202.528365242745,3202.528365242745,112570.05195628852,0.0,32649.427734375,125983.95567373186,3346.4711350867724
187,188,105223.54588662088,117064.73907153308,3333.10340527021,3333.10340527021,117064.73907153308,0.0,32694.365234375,116556.27866470069,3327.3550114520813
188,189,105223.54588662088,116977.96114505082,3332.5435730806335,3332.5435730806335,116977.96114505082,0.0,32807.10546875,118222.58555577695,3352.68095585893
189,190,105223.54588662088,111311.67436769605,3240.4335993395744,3240.4335993395744,111311.67436769605,0.0,32996.90234375,132388.2449606508,3511.773188160715
190,191,105223.54588662088,109150.19148044288,3180.8258219843874,3180.8258219843874,109150.19148044288,0.0,33113.69921875,112313.18338079005,3222.7905050263953
191,192,105223.54588662088,111311.67436769605,3240.4335993395744,3240.4335993395744,111311.67436769605,0.0,32943.7109375,113220.21714717895,3280.6119124092274
192,193,105223.54588662088,120568.03847801685,3252.1390559698757,3252.1390559698757,120568.03847801685,0.0,32574.7265625,111868.5817508921,3249.74940249474
193,194,105223.54588662088,105930.79495746642,3154.5462581500296,3154.5462581500296,105930.79495746642,0.0,33117.07421875,131705.9722415805,3474.942619520105
194,195,105223.54588662088,127917.90981152654,3316.2040031420383,3316.2040031420383,127917.90981152654,0.0,32833.41015625,116260.93492559344,3317.8278281331063
195,196,105223.54588662088,125938.73187760264,3436.8324393187004,3436.8324393187004,125938.73187760264,0.0,32679.1640625,112845.27013599873,3221.697253966962
196,197,105223.54588662088,111285.75037886202,3232.4914507522376,3232.4914507522376,111285.75037886202,0.0,32822.5625,110813.84071432054,3191.429402671204
197,198,105223.54588662088,105568.64164327085,3151.8044552085607,3151.8044552085607,105568.64164327085,0.0,33191.97265625,109794.28381866962,3207.315192846037
198,199,105223.54588662088,134497.6445724815,3415.1384181671074,3415.1384181671074,134497.6445724815,0.0,33172.00390625,117077.23490777612,3335.9132969595603
199,200,105223.54588662088,106524.339071244,3160.2786167951044,3160.2786167951044,106524.339071244,0.0,32900.34765625,117741.93641959131,3346.463573520195
200,201,105223.54588662088,106524.339071244,3160.2786167951044,3160.2786167951044,106524.339071244,0.0,33135.703125,117499.38393831253,3349.9833142998814
201,202,105223.54588662088,125951.35984226316,3436.843882878159,3436.843882878159,125951.35984226316,0.0,32719.650390625,127024.84291049838,3434.8754259676657
202,203,105223.54588662088,122057.50436532497,3339.0832959035956,3339.0832959035956,122057.50436532497,0.0,32986.55078125,119463.86437143385,3378.529816522988
203,204,105223.54588662088,122057.50436532497,3339.0832959035956,3339.0832959035956,122057.50436532497,0.0,32623.099609375,117801.38959760964,3222.75997065747
204,205,105223.54588662088,118132.18648013473,3354.8499692925466,3354.8499692925466,118132.18648013473,0.0,33395.35546875,126358.54105567932,3429.1898272217577
205,206,105223.54588662088,119518.80415267497,3374.917420722716,3374.917420722716,119518.80415267497,0.0,33085.00390625,118330.03425265104,3356.0590112523046
206,207,105223.54588662088,111372.37331619859,3248.7387651600975,3248.7387651600975,111372.37331619859,0.0,32681.380859375,119491.62699326128,3374.784837074337
207,208,105223.54588662088,125615.30439905077,3422.2747532202766,3422.2747532202766,125615.30439905077,0.0,32805.3203125,113212.18495130539,3277.073939583015
208,209,105223.54588662088,112426.4515863508,3264.6567008179195,3264.6567008179195,112426.4515863508,0.0,32899.61328125,129003.75921650231,3358.92784060837
209,210,105223.54588662088,112466.65176293999,3265.24417610847,3265.24417610847,112466.65176293999,0.0,32784.8984375,116823.52538225055,3327.945946792169
210,211,105223.54588662088,112743.0174664259,3269.5376309031135,3269.5376309031135,112743.0174664259,0.0,32717.048828125,115084.92740633339,3308.9712584427916
211,212,105223.54588662088,113127.52432064712,3278.7365725427526,3278.7365725427526,113127.52432064712,0.0,32428.435546875,112923.66831149161,3267.259482268966
212,213,105223.54588662088,113072.62285490334,3278.427310686318,3278.427310686318,113072.62285490334,0.0,32854.18359375,112632.58151757717,3271.9511011131453
213,214,105223.54588662088,112413.27608822286,3264.62036598938,3264.62036598938,112413.27608822286,0.0,33274.66015625,132324.41676275432,3426.4827871964526
214,215,105223.54588662088,115675.0416809544,3317.784370835171,3317.784370835171,115675.0416809544,0.0,33270.40234375,128233.59849403799,3455.9132200978124
215,216,105223.54588662088,117094.4119214341,3334.8066981648253,3334.8066981648253,117094.4119214341,0.0,33013.6796875,128983.44502336532,3473.678067777432
216,217,105223.54588662088,112723.797511518,3260.191575473168,3260.191575473168,112723.797511518,0.0,33191.39453125,118278.65631976724,3354.454835564964
217,218,105223.54588662088,130697.24199012667,3396.3058824306495,3396.3058824306495,130697.24199012667,0.0,32774.65625,113941.82109885663,3278.8406327592984
218,219,105223.54588662088,114514.14664851129,3288.8271124550815,3288.8271124550815,114514.14664851129,0.0,32834.2890625,118768.38808722794,3355.6433044085134
219,220,105223.54588662088,114513.51329692453,3288.8268307342437,3288.8268307342437,114513.51329692453,0.0,32916.015625,119217.57734823972,3372.4951794750987
220,221,105223.54588662088,115978.80130005628,3311.4882534640915,3311.4882534640915,115978.80130005628,0.0,32801.43359375,114508.2674203664,3291.62982661802
221,222,105223.54588662088,118831.36788131297,3363.5212170608456,3363.5212170608456,118831.36788131297,0.0,32977.07421875,114841.06351783127,3304.1024845334086
222,223,105223.54588662088,118302.30438321084,3356.200435008326,3356.200435008326,118302.30438321084,0.0,32714.408203125,124737.44494854659,3334.4288065500327
223,224,105223.54588662088,128999.10835002363,3440.9799444665473,3440.9799444665473,128999.10835002363,0.0,33315.375,117635.56962579489,3291.1130726608744
224,225,105223.54588662088,117474.99994271249,3342.313432432963,3342.313432432963,117474.99994271249,0.0,33294.34375,128999.10835002363,3440.9799444665473
225,226,105223.54588662088,117475.00775776803,3342.3136136808416,3342.3136136808416,117475.00775776803,0.0,33222.046875,112843.8593493849,3262.7622129100905
226,227,105223.54588662088,117469.73726859689,3342.29147155623,3342.29147155623,117469.73726859689,0.0,32808.28515625,115520.28987672925,3312.26754911025
227,228,105223.54588662088,117494.91494128853,3342.4069844832675,3342.4069844832675,117494.91494128853,0.0,33013.79296875,107014.73066464067,3157.1654945755004
228,229,105223.54588662088,117592.5895768255,3343.327929627322,3343.327929627322,117592.5895768255,0.0,33390.578125,113969.25171967596,3281.463807288076
229,230,105223.54588662088,117548.22745157033,3343.095738860105,3343.095738860105,117548.22745157033,0.0,32924.95703125,116257.60240872204,3318.8916315116676
230,231,105223.54588662088,117548.22745157033,3343.095738860105,3343.095738860105,117548.22745157033,0.0,33086.53515625,109302.04054983705,3197.758475247748
231,232,105223.54588662088,117548.22745157033,3343.095738860105,3343.095738860105,117548.22745157033,0.0,32752.154296875,116954.16729418188,3332.986752040065
232,233,105223.54588662088,115350.11925147474,3304.6889847204775,3304.6889847204775,115350.11925147474,0.0,32805.37109375,118655.67702505738,3357.550789131579
233,234,105223.54588662088,126993.3039258346,3354.004372604776,3354.004372604776,126993.3039258346,0.0,32494.681640625,115640.3715210408,3306.7712437394603
234,235,105223.54588662088,126993.3039258346,3354.004372604776,3354.004372604776,126993.3039258346,0.0,33136.9921875,119140.63224753737,3364.533118240455
235,236,105223.54588662088,117290.14900612831,3336.207472800578,3336.207472800578,117290.14900612831,0.0,32515.796875,115139.98878344893,3301.3191495419237
236,237,105223.54588662088,117290.14900612831,3336.207472800578,3336.207472800578,117290.14900612831,0.0,32829.62109375,116356.47896253318,3323.9037004805527
237,238,105223.54588662088,117280.1220594272,3335.5722737784,3335.5722737784,117280.1220594272,0.0,32891.08984375,118456.90102727711,3353.2373036111894
238,239,105223.54588662088,117308.45896471292,3336.323869504539,3336.323869504539,117308.45896471292,0.0,32735.771484375,108280.2121982351,3178.1246650202343
239,240,105223.54588662088,117200.82001731545,3333.8048858476027,3333.8048858476027,117200.82001731545,0.0,32930.39453125,117310.66674652696,3336.328398508418
240,241,105223.54588662088,117300.53900607675,3334.66449792549,3334.66449792549,117300.53900607675,0.0,32991.55078125,117718.63365683705,3342.814150952582
241,242,105223.54588662088,116607.76990970224,3325.3773808322503,3325.3773808322503,116607.76990970224,0.0,33250.30859375,126236.6998629272,3351.148086318156
242,243,105223.54588662088,117720.44156372547,3342.3856677097197,3342.3856677097197,117720.44156372547,0.0,33046.55078125,107771.58932591975,3161.730451009147
243,244,105223.54588662088,117725.25978258252,3342.4182206739943,3342.4182206739943,117725.25978258252,0.0,33012.8828125,119183.50603806227,3367.3467375950513
244,245,105223.54588662088,117725.25978258252,3342.4182206739943,3342.4182206739943,117725.25978258252,0.0,32992.66796875,109744.01282218099,3187.7252044522993
245,246,105223.54588662088,116792.24872490019,3328.096307701904,3328.096307701904,116792.24872490019,0.0,33205.21484375,109905.04639495164,3190.2110491491053
246,247,105223.54588662088,116792.24872490019,3328.096307701904,3328.096307701904,116792.24872490019,0.0,32781.31640625,117085.56513064355,3339.224229529844
247,248,105223.54588662088,116792.24872490019,3328.096307701904,3328.096307701904,116792.24872490019,0.0,32940.59765625,119514.93785205483,3326.923867114817
248,249,105223.54588662088,116792.24872490019,3328.096307701904,3328.096307701904,116792.24872490019,0.0,33129.09375,132829.0933663547,3409.8499741206715
249,250,105223.54588662088,110510.77612696588,3191.91998438583,3191.91998438583,110510.77612696588,0.0,32886.6171875,110438.70261410624,3189.2746142332257
250,251,105223.54588662088,110510.77612696588,3191.91998438583,3191.91998438583,110510.77612696588,0.0,32587.416015625,135072.31082482636,3438.7898883952084
251,252,105223.54588662088,116317.30903160572,3323.5918191315004,3323.5918191315004,116317.30903160572,0.0,33172.72265625,118652.08829784393,3358.9284577607878
252,253,105223.54588662088,116253.48472570628,3322.7947985283113,3322.7947985283113,116253.48472570628,0.0,32435.71875,117121.27331065387,3345.696133750035
253,254,105223.54588662088,130953.57848300785,3495.0585445635706,3495.0585445635706,130953.57848300785,0.0,33206.609375,116989.75703677535,3332.770454890625
254,255,105223.54588662088,130727.5323208347,3493.887038339044,3493.887038339044,130727.5323208347,0.0,32856.0,113796.54145962,3287.97253674616
255,256,105223.54588662088,130727.5323208347,3493.887038339044,3493.887038339044,130727.5323208347,0.0,32888.1796875,117551.01155498624,3284.2196441857286
256,257,105223.54588662088,130727.5323208347,3493.887038339044,3493.887038339044,130727.5323208347,0.0,33145.69140625,117643.34413412958,3347.81144861125
257,258,105223.54588662088,130170.18258136511,3451.5881109468182,3451.5881109468182,130170.18258136511,0.0,33002.9921875,119224.67697937042,3367.2298338687306
258,259,105223.54588662088,130262.44624382257,3451.912553655803,3451.912553655803,130262.44624382257,0.0,33112.84375,116948.83039242774,3334.7644791474136
259,260,105223.54588662088,130262.13156667352,3452.03105559333,3452.03105559333,130262.13156667352,0.0,32850.26953125,108683.90635367483,3181.1008936585945
260,261,105223.54588662088,130262.13156667352,3452.03105559333,3452.03105559333,130262.13156667352,0.0,32581.3671875,111214.01016762853,3237.473983599337
261,262,105223.54588662088,117054.22561430186,3333.0307052606577,3333.0307052606577,117054.22561430186,0.0,32984.73046875,125360.6672538817,3346.3572501600133
262,263,105223.54588662088,117054.22561430186,3333.0307052606577,3333.0307052606577,117054.22561430186,0.0,33066.8125,118476.62605500221,3358.7090314541983
263,264,105223.54588662088,117054.22561430186,3333.0307052606577,3333.0307052606577,117054.22561430186,0.0,33562.76171875,115959.5186175406,3319.9629970480155
264,265,105223.54588662088,117038.7119288519,3332.8928009029996,3332.8928009029996,117038.7119288519,0.0,32800.2734375,106923.10471348464,3161.4618223605935
265,266,105223.54588662088,113317.50966994464,3273.554986959994,3273.554986959994,113317.50966994464,0.0,33066.62109375,117386.51982987672,3344.815296901086
266,267,105223.54588662088,119151.83735655248,3367.8893495143493,3367.8893495143493,119151.83735655248,0.0,32797.27734375,113360.16123881936,3273.7461540075797
267,268,105223.54588662088,118847.97070177644,3366.454746428167,3366.454746428167,118847.97070177644,0.0,33126.67578125,111730.00884464383,3209.093014381069
268,269,105223.54588662088,117389.10445731133,3345.4255465024708,3345.4255465024708,117389.10445731133,0.0,33181.02734375,109182.3010878861,3188.2506538049647
269,270,105223.54588662088,118838.67972905189,3366.3795030125634,3366.3795030125634,118838.67972905189,0.0,32601.556640625,110855.4542446211,3203.0740518944767
270,271,105223.54588662088,110705.4021186307,3176.621005580574,3176.621005580574,110705.4021186307,0.0,32620.837890625,119423.33621063083,3375.893204638889
271,272,105223.54588662088,107260.97959259897,3161.9380541563264,3161.9380541563264,107260.97959259897,0.0,33038.015625,134114.23748599738,3431.279441820796
272,273,105223.54588662088,106803.45150795579,3159.624519181114,3159.624519181114,106803.45150795579,0.0,32927.4765625,107068.07814091444,3161.0898497436597
273,274,105223.54588662088,106803.45150795579,3159.624519181114,3159.624519181114,106803.45150795579,0.0,32668.2734375,106993.42375143617,3158.5859598500683
274,275,105223.54588662088,128398.80336716026,3369.0723763021942,3369.0723763021942,128398.80336716026,0.0,32854.4609375,118346.46733057499,3300.9186063315774
275,276,105223.54588662088,126739.13402622938,3357.9326207383665,3357.9326207383665,126739.13402622938,0.0,32955.234375,112706.19475647062,3270.1221153109004
276,277,105223.54588662088,126681.28127052635,3356.7909834495304,3356.7909834495304,126681.28127052635,0.0,32667.375,113880.74797524512,3283.0799048168383
277,278,105223.54588662088,126652.92837885767,3351.6981898279946,3351.6981898279946,126652.92837885767,0.0,32485.7734375,125533.80734655261,3346.930495289885
278,279,105223.54588662088,126652.92837885767,3351.6981898279946,3351.6981898279946,126652.92837885767,0.0,33096.734375,114255.83155415207,3286.3339559448336
279,280,105223.54588662088,126652.92837885767,3351.6981898279946,3351.6981898279946,126652.92837885767,0.0,32498.501953125,126955.30298490822,3344.9053101015666
280,281,105223.54588662088,125591.26601543278,3436.7551508151564,3436.7551508151564,125591.26601543278,0.0,32923.4375,121263.77399151027,3348.309058662882
281,282,105223.54588662088,126991.84217579663,3356.850367254695,3356.850367254695,126991.84217579663,0.0,32750.7109375,121779.78102169931,3420.798447133245
282,283,105223.54588662088,127216.7519108206,3458.2406675583925,3458.2406675583925,127216.7519108206,0.0,33057.60546875,123479.48938756436,3262.600660092074
283,284,105223.54588662088,126931.94797332585,3351.490259190202,3351.490259190202,126931.94797332585,0.0,32927.60546875,115991.54593020678,3327.94530135635
284,285,105223.54588662088,128213.16414576769,3363.453991435537,3363.453991435537,128213.16414576769,0.0,32845.46875,105885.7283230424,3153.4144161773647
285,286,105223.54588662088,115888.1363332048,3314.6111298289666,3314.6111298289666,115888.1363332048,0.0,32294.173828125,107128.6671063453,3169.955028193249
286,287,105223.54588662088,115888.1363332048,3314.6111298289666,3314.6111298289666,115888.1363332048,0.0,33211.28515625,117208.02379130572,3339.1802482906555
287,288,105223.54588662088,115888.1363332048,3314.6111298289666,3314.6111298289666,115888.1363332048,0.0,33074.68359375,115888.1363332048,3314.6111298289666
288,289,105223.54588662088,115888.1363332048,3314.6111298289666,3314.6111298289666,115888.1363332048,0.0,32891.08203125,113905.12201286852,3279.0768422698284
289,290,105223.54588662088,115888.1363332048,3314.6111298289666,3314.6111298289666,115888.1363332048,0.0,32854.94921875,116728.7257836461,3327.4864825567033
290,291,105223.54588662088,132167.1463244632,3507.6857201391804,3507.6857201391804,132167.1463244632,0.0,32997.37109375,127224.32783465832,3349.822063420782
291,292,105223.54588662088,109127.15000459552,3177.048917995806,3177.048917995806,109127.15000459552,0.0,32877.74609375,110093.78474582732,3197.4145879257985
292,293,105223.54588662088,107698.91547010094,3162.8529033303716,3162.8529033303716,107698.91547010094,0.0,32919.94921875,129871.1800076589,3450.2499024279305
293,294,105223.54588662088,108444.70762479305,3176.504692801363,3176.504692801363,108444.70762479305,0.0,33147.58203125,107698.91547010094,3162.8529033303716
294,295,105223.54588662088,108444.70762479305,3176.504692801363,3176.504692801363,108444.70762479305,0.0,32693.068359375,110491.48202903569,3228.7363148226414
295,296,105223.54588662088,110675.17476403713,3226.9650218145894,3226.9650218145894,110675.17476403713,0.0,32806.68359375,115789.82382624596,3315.8744253339564
296,297,105223.54588662088,111142.95085061342,3233.525874865399,3233.525874865399,111142.95085061342,0.0,32457.099609375,110935.15857348591,3230.850291773585
297,298,105223.54588662088,111142.17736886442,3233.5294327527745,3233.5294327527745,111142.17736886442,0.0,32788.296875,115886.7730717957,3309.5853544291394
298,299,105223.54588662088,118582.13464027643,3358.425839036141,3358.425839036141,118582.13464027643,0.0,32822.078125,118587.16226406395,3357.2551936067757
299,300,105223.54588662088,115534.11078599095,3309.409132399284,3309.409132399284,115534.11078599095,0.0,32636.283203125,107011.20114829391,3139.296700593978
300,301,105223.54588662088,109696.80459618568,3194.2080446370287,3194.2080446370287,109696.80459618568,0.0,32507.591796875,115352.5840838328,3306.568556744273
301,302,105223.54588662088,114597.67614603788,3293.8999073254836,3293.8999073254836,114597.67614603788,0.0,32873.41015625,115293.17692606896,3300.4246282439162
302,303,105223.54588662088,117372.22902280092,3337.587917700169,3337.587917700169,117372.22902280092,0.0,32379.5234375,118467.53049169481,3305.692850184968
303,304,105223.54588662088,115144.09770068526,3308.5788162378735,3308.5788162378735,115144.09770068526,0.0,32519.90625,116406.49199578911,3325.4815027703803
304,305,105223.54588662088,117627.1376137659,3342.7631386915655,3342.7631386915655,117627.1376137659,0.0,32779.51953125,115140.61558583379,3308.5643540817614
305,306,105223.54588662088,117627.1376137659,3342.7631386915655,3342.7631386915655,117627.1376137659,0.0,32775.13671875,117979.9273128584,3347.489412514132
306,307,105223.54588662088,117627.1376137659,3342.7631386915655,3342.7631386915655,117627.1376137659,0.0,32763.515625,109485.02120010555,3191.0306484732037
307,308,105223.54588662088,115600.52810182422,3308.0524095021765,3308.0524095021765,115600.52810182422,0.0,32495.4609375,115117.36211650819,3298.501705170893
308,309,105223.54588662088,115600.52810182422,3308.0524095021765,3308.0524095021765,115600.52810182422,0.0,32809.7265625,115745.67756816,3310.7777491503493
309,310,105223.54588662088,115577.24167249352,3307.719918983395,3307.719918983395,115577.24167249352,0.0,32924.41796875,116019.79246130586,3315.280402828489
310,311,105223.54588662088,117853.44451720268,3347.3525162923224,3347.3525162923224,117853.44451720268,0.0,32815.39453125,119246.76847359538,3370.8884929552446
311,312,105223.54588662088,117853.44451720268,3347.3525162923224,3347.3525162923224,117853.44451720268,0.0,32477.0859375,108617.29817879945,3177.593836306666
312,313,105223.54588662088,117163.1616826877,3340.345675275865,3340.345675275865,117163.1616826877,0.0,32883.16796875,112343.16809352487,3253.6455355540265
313,314,105223.54588662088,116120.23992222548,3325.5630761950406,3325.5630761950406,116120.23992222548,0.0,33055.98046875,131470.24355452508,3399.060256026364
314,315,105223.54588662088,116776.07723200321,3332.8768812728504,3332.8768812728504,116776.07723200321,0.0,32628.673828125,117552.19231911749,3352.05349941656
315,316,105223.54588662088,116776.07723200321,3332.8768812728504,3332.8768812728504,116776.07723200321,0.0,32397.900390625,114568.36862625182,3295.211173477746
316,317,105223.54588662088,116870.03720395267,3334.043594429986,3334.043594429986,116870.03720395267,0.0,32894.77734375,110096.04331590235,3191.0531829014994
317,318,105223.54588662088,128644.4304612279,3460.033791565207,3460.033791565207,128644.4304612279,0.0,32818.41796875,134053.89496403188,3423.6629770825575
318,319,105223.54588662088,128644.4304612279,3460.033791565207,3460.033791565207,128644.4304612279,0.0,32495.552734375,105422.62147592008,3147.1917768225185
319,320,105223.54588662088,118763.19638901949,3362.659179418236,3362.659179418236,118763.19638901949,0.0,32727.103515625,118052.44304657727,3354.950239676833
320,321,105223.54588662088,118796.9933033213,3362.8825316378015,3362.8825316378015,118796.9933033213,0.0,32714.591796875,117859.3319671303,3351.5544528863293
321,322,105223.54588662088,118067.20310478657,3351.930728729218,3351.930728729218,118067.20310478657,0.0,32337.09375,106546.45880547166,3151.7762135315743
322,323,105223.54588662088,118068.13115799427,3351.93192472796,3351.93192472796,118068.13115799427,0.0,32761.041015625,115164.98871257156,3306.141239702919
323,324,105223.54588662088,117949.05904800445,3347.788689421954,3347.788689421954,117949.05904800445,0.0,32921.71484375,107529.344206132,3168.56668446315
324,325,105223.54588662088,115989.30699918419,3315.9053180245023,3315.9053180245023,115989.30699918419,0.0,32544.4140625,119467.18190085143,3369.206348910125
325,326,105223.54588662088,116037.51248757541,3317.2300496814805,3317.2300496814805,116037.51248757541,0.0,32745.890625,105538.16545007378,3148.236315371474
326,327,105223.54588662088,109110.20707821846,3180.8304050674687,3180.8304050674687,109110.20707821846,0.0,32324.115234375,128264.69806113839,3471.580685776655
327,328,105223.54588662088,108560.76988129318,3182.6798426681185,3182.6798426681185,108560.76988129318,0.0,32604.7734375,117290.41170245409,3340.880147112035
328,329,105223.54588662088,108746.25913455337,3183.4769154075934,3183.4769154075934,108746.25913455337,0.0,32950.73046875,117416.4636874944,3291.591392688969
329,330,105223.54588662088,116572.90822385252,3324.5137886321545,3324.5137886321545,116572.90822385252,0.0,32905.87890625,112780.48113400489,3274.4847723473263
330,331,105223.54588662088,117903.09258971363,3357.19631782573,3357.19631782573,117903.09258971363,0.0,32567.828125,116869.8528105244,3333.086368078635
331,332,105223.54588662088,118318.87615780532,3364.027383814557,3364.027383814557,118318.87615780532,0.0,32729.341796875,117853.7859671861,3356.8578041145893
332,333,105223.54588662088,129520.4217049852,3437.996182975253,3437.996182975253,129520.4217049852,0.0,32384.978515625,105284.16882780194,3149.0271673306593
333,334,105223.54588662088,129520.4217049852,3437.996182975253,3437.996182975253,129520.4217049852,0.0,32702.099609375,123786.66019532084,3399.1630665777166
334,335,105223.54588662088,129448.09150834382,3437.5967724832317,3437.5967724832317,129448.09150834382,0.0,32566.708984375,115270.01135247946,3301.2291985105435
335,336,105223.54588662088,129448.09150834382,3437.5967724832317,3437.5967724832317,129448.09150834382,0.0,32654.3515625,118573.75914131105,3358.471386906092
336,337,105223.54588662088,129520.4217049852,3437.996182975253,3437.996182975253,129520.4217049852,0.0,32719.740234375,128978.47752533108,3370.5348754247334
337,338,105223.54588662088,125681.0310864225,3393.6235421184047,3393.6235421184047,125681.0310864225,0.0,32419.1015625,116138.21259418875,3322.9341585805896
338,339,105223.54588662088,124718.15899305046,3383.985370191267,3383.985370191267,124718.15899305046,0.0,32685.330078125,112720.99158538133,3275.038103880332
339,340,105223.54588662088,127205.70971854031,3411.7819582508046,3411.7819582508046,127205.70971854031,0.0,32467.361328125,132641.30915543437,3476.0351964627434
340,341,105223.54588662088,128616.07474782318,3428.3637049500876,3428.3637049500876,128616.07474782318,0.0,33053.62109375,127852.19567214698,3417.536230381578
341,342,105223.54588662088,125877.4211487174,3392.415453465982,3392.415453465982,125877.4211487174,0.0,32648.3671875,118986.79547353089,3366.2312356118746
342,343,105223.54588662088,133206.38410562277,3487.780931220238,3487.780931220238,133206.38410562277,0.0,32621.640625,111547.73459930718,3201.2345171536854
343,344,105223.54588662088,129689.8272915557,3446.6217120755173,3446.6217120755173,129689.8272915557,0.0,32618.703125,132870.10179502517,3517.7940686928537
344,345,105223.54588662088,112524.12347944081,3269.3118420897654,3269.3118420897654,112524.12347944081,0.0,33067.828125,116653.68112841249,3330.447875295052
345,346,105223.54588662088,122301.44372127205,3324.237601217673,3324.237601217673,122301.44372127205,0.0,32919.625,110812.69536980242,3195.997365964262
346,347,105223.54588662088,115880.00231429935,3322.5193667673493,3322.5193667673493,115880.00231429935,0.0,32797.83203125,118132.96230787784,3356.0091813536446
347,348,105223.54588662088,115890.18970815092,3322.563166324886,3322.563166324886,115890.18970815092,0.0,32783.890625,115144.0097264871,3298.7670982510535
348,349,105223.54588662088,116572.30288401991,3335.8515012480434,3335.8515012480434,116572.30288401991,0.0,32507.158203125,109907.6166639328,3190.3903595930797
349,350,105223.54588662088,115665.79994491488,3308.2670186773857,3308.2670186773857,115665.79994491488,0.0,32486.296875,116688.71107685566,3337.4359185063154
350,351,105223.54588662088,115665.79994491488,3308.2670186773857,3308.2670186773857,115665.79994491488,0.0,32332.4453125,115185.02483095229,3303.066409098426
351,352,105223.54588662088,115665.79994491488,3308.2670186773857,3308.2670186773857,115665.79994491488,0.0,32583.7109375,115683.51809515804,3308.3637077722524
352,353,105223.54588662088,118358.82805448025,3353.262299543803,3353.262299543803,118358.82805448025,0.0,32603.818359375,115597.77899216115,3312.2990987319786
353,354,105223.54588662088,118358.82805448025,3353.262299543803,3353.262299543803,118358.82805448025,0.0,32588.306640625,118379.48678076267,3353.529611755724
354,355,105223.54588662088,125893.03753914684,3349.653900717944,3349.653900717944,125893.03753914684,0.0,32654.576171875,118400.37090935558,3354.087137340949
355,356,105223.54588662088,125893.03753914684,3349.653900717944,3349.653900717944,125893.03753914684,0.0,32703.53125,116601.00997646153,3327.4903146450797
356,357,105223.54588662088,118497.91443292797,3315.163894301275,3315.163894301275,118497.91443292797,0.0,32684.75,127952.21700266749,3367.8802236101947
357,358,105223.54588662088,116769.29052317888,3329.386103990296,3329.386103990296,116769.29052317888,0.0,32451.6015625,128814.803563945,3380.997470996552
358,359,105223.54588662088,116802.10291867703,3329.484823618268,3329.484823618268,116802.10291867703,0.0,32722.470703125,130330.54335422814,3484.740276566056
359,360,105223.54588662088,113648.6188070029,3281.1611246846387,3281.1611246846387,113648.6188070029,0.0,32722.5546875,112339.28315017372,3256.728013455386
360,361,105223.54588662088,110073.39552459866,3213.4237916522416,3213.4237916522416,110073.39552459866,0.0,33035.71484375,115998.91990881413,3315.472661051808
361,362,105223.54588662088,110073.39552459866,3213.4237916522416,3213.4237916522416,110073.39552459866,0.0,32514.4453125,122757.1842656061,3356.4004944011112
362,363,105223.54588662088,110274.65385576338,3217.118678115159,3217.118678115159,110274.65385576338,0.0,32402.9921875,116033.90011326969,3213.057410644981
363,364,105223.54588662088,129930.3563773483,3481.028117346179,3481.028117346179,129930.3563773483,0.0,32727.052734375,111099.40114581585,3236.4396319608504
364,365,105223.54588662088,129970.02341657877,3481.352745861732,3481.352745861732,129970.02341657877,0.0,32571.0625,117840.42173723876,3347.9841673330275
365,366,105223.54588662088,119971.71353397518,3330.371579061105,3330.371579061105,119971.71353397518,0.0,32825.76953125,118033.5529743433,3341.708486592735
366,367,105223.54588662088,118595.32272865623,3316.685865011456,3316.685865011456,118595.32272865623,0.0,32666.181640625,130230.09674354643,3384.0045645120854
367,368,105223.54588662088,120653.53355259448,3339.6434699009474,3339.6434699009474,120653.53355259448,0.0,33030.05078125,127666.28666899353,3447.6131684841557
368,369,105223.54588662088,121442.45848744363,3344.769460646602,3344.769460646602,121442.45848744363,0.0,33121.703125,113768.45172356814,3287.745752703272
369,370,105223.54588662088,121442.45848744363,3344.769460646602,3344.769460646602,121442.45848744363,0.0,32966.24609375,124353.45044969022,3330.479778528695
370,371,105223.54588662088,120600.65058398992,3339.3522940704916,3339.3522940704916,120600.65058398992,0.0,32889.18359375,115171.74672096223,3301.0834527905513
371,372,105223.54588662088,120600.65058398992,3339.3522940704916,3339.3522940704916,120600.65058398992,0.0,32521.064453125,113888.49754831195,3288.74245707301
372,373,105223.54588662088,120600.65058398992,3339.3522940704916,3339.3522940704916,120600.65058398992,0.0,32704.357421875,106976.13599998504,3167.0027645415867
373,374,105223.54588662088,115154.66039422154,3299.1624949615734,3299.1624949615734,115154.66039422154,0.0,32841.19140625,110047.79528863728,3196.54210476191
374,375,105223.54588662088,115494.92407613993,3304.3186759771065,3304.3186759771065,115494.92407613993,0.0,32791.6328125,133558.584528476,3413.8871157525937
375,376,105223.54588662088,115494.92407613993,3304.3186759771065,3304.3186759771065,115494.92407613993,0.0,32659.34375,115725.87059633434,3310.8075774364406
376,377,105223.54588662088,109216.77573992312,3180.5172694638486,3180.5172694638486,109216.77573992312,0.0,32734.7578125,116033.34943022579,3312.644858445445
377,378,105223.54588662088,108416.84329716861,3163.9779836627727,3163.9779836627727,108416.84329716861,0.0,32874.96484375,115884.63902686536,3313.1490801572345
378,379,105223.54588662088,108416.84329716861,3163.9779836627727,3163.9779836627727,108416.84329716861,0.0,32547.421875,117891.83087140322,3345.980859362804
379,380,105223.54588662088,108369.29277776182,3175.471474175946,3175.471474175946,108369.29277776182,0.0,32391.783203125,109135.74159431458,3172.8880679730955
380,381,105223.54588662088,107353.67312260717,3165.7887699634757,3165.7887699634757,107353.67312260717,0.0,32898.38671875,112727.85339818895,3255.9728781038066
381,382,105223.54588662088,117581.7353065908,3340.368573337759,3340.368573337759,117581.7353065908,0.0,32672.8984375,106973.38270033151,3177.1792385995964
382,383,105223.54588662088,117581.7353065908,3340.368573337759,3340.368573337759,117581.7353065908,0.0,32267.625,116309.03250861168,3325.808275386691
383,384,105223.54588662088,118716.08598919213,3358.8521433481687,3358.8521433481687,118716.08598919213,0.0,32839.56640625,127441.62180654705,3314.206110605517
384,385,105223.54588662088,112176.64349470288,3249.5301791406137,3249.5301791406137,112176.64349470288,0.0,32746.359375,112387.20694665611,3250.43371822881
385,386,105223.54588662088,114046.3865031749,3287.14941590982,3287.14941590982,114046.3865031749,0.0,32798.35546875,116058.44292282313,3319.5412476246174
386,387,105223.54588662088,114051.2048555091,3287.1668004866515,3287.1668004866515,114051.2048555091,0.0,32716.951171875,108701.20326460898,3178.596045233264
387,388,105223.54588662088,117513.81420914084,3346.7376037075887,3346.7376037075887,117513.81420914084,0.0,32373.326171875,114082.02552314103,3289.6193352147475
388,389,105223.54588662088,117549.07563522458,3347.7922162228365,3347.7922162228365,117549.07563522458,0.0,32476.736328125,128195.07511984557,3464.6305323805373
389,390,105223.54588662088,117549.07563522458,3347.7922162228365,3347.7922162228365,117549.07563522458,0.0,32717.892578125,112805.64394172281,3259.3780541795377
390,391,105223.54588662088,117549.07563522458,3347.7922162228365,3347.7922162228365,117549.07563522458,0.0,32417.25,117041.04023123533,3329.340698399899
391,392,105223.54588662088,117549.07563522458,3347.7922162228365,3347.7922162228365,117549.07563522458,0.0,32418.236328125,114827.09041138738,3296.965048317772
392,393,105223.54588662088,114277.12802109122,3288.6438852918145,3288.6438852918145,114277.12802109122,0.0,32646.580078125,112529.97875814885,3269.067476903326
393,394,105223.54588662088,108280.12326419353,3180.732760410813,3180.732760410813,108280.12326419353,0.0,32562.755859375,120631.42383243144,3393.217274110122
394,395,105223.54588662088,108572.57527707517,3182.7663518708487,3182.7663518708487,108572.57527707517,0.0,32515.091796875,117613.94625745714,3342.5356859040257
395,396,105223.54588662088,114755.87283821404,3296.7591113068165,3296.7591113068165,114755.87283821404,0.0,32269.779296875,110795.05567827821,3229.2326398556625
396,397,105223.54588662088,116434.04766990244,3326.3891273475265,3326.3891273475265,116434.04766990244,0.0,32335.423828125,118470.04725515842,3359.81320591068
397,398,105223.54588662088,116381.24306615442,3325.771493401814,3325.771493401814,116381.24306615442,0.0,32636.244140625,128451.15785092115,3367.0103427717545
398,399,105223.54588662088,116402.81714625657,3325.9365978979376,3325.9365978979376,116402.81714625657,0.0,32492.0625,110377.1549783051,3191.8508524103463
399,400,105223.54588662088,116402.81714625657,3325.9365978979376,3325.9365978979376,116402.81714625657,0.0,32787.38671875,133187.20891729742,3519.951144924634
400,401,105223.54588662088,110149.35532574356,3185.0109375686716,3185.0109375686716,110149.35532574356,0.0,32424.158203125,110917.68344956636,3203.264451557879
401,402,105223.54588662088,110737.1797382757,3190.4189148072555,3190.4189148072555,110737.1797382757,0.0,32494.857421875,108666.78734952956,3173.7850561957866
402,403,105223.54588662088,110737.1797382757,3190.4189148072555,3190.4189148072555,110737.1797382757,0.0,32634.255859375,115927.67179341614,3316.088383813374
403,404,105223.54588662088,110598.42137149721,3189.729102263634,3189.729102263634,110598.42137149721,0.0,32818.6328125,110756.03897750378,3205.9926379632607
404,405,105223.54588662088,108497.5399254188,3180.3525496163506,3180.3525496163506,108497.5399254188,0.0,33110.17578125,114722.27988045663,3299.0098412480265
405,406,105223.54588662088,116041.22036168724,3316.4433405780674,3316.4433405780674,116041.22036168724,0.0,32528.205078125,115285.28547413647,3306.9152668537427
406,407,105223.54588662088,116029.06478440762,3316.3632490158884,3316.3632490158884,116029.06478440762,0.0,32668.869140625,114084.62816374749,3296.012194263293
407,408,105223.54588662088,116029.06478440762,3316.3632490158884,3316.3632490158884,116029.06478440762,0.0,32893.76953125,116029.06478440762,3316.3632490158884
408,409,105223.54588662088,127332.88009041548,3322.785220103367,3322.785220103367,127332.88009041548,0.0,32405.744140625,119437.31401915103,3370.799890089333
409,410,105223.54588662088,128456.0179059729,3425.3583392708233,3425.3583392708233,128456.0179059729,0.0,32409.705078125,119331.88462650031,3373.7104474217044
410,411,105223.54588662088,126506.76018996537,3404.0510541823623,3404.0510541823623,126506.76018996537,0.0,32476.314453125,120442.68326075375,3393.591929636059
411,412,105223.54588662088,126506.76018996537,3404.0510541823623,3404.0510541823623,126506.76018996537,0.0,32343.927734375,127112.61990326643,3445.384021130078
412,413,105223.54588662088,126526.05413599312,3404.1276724918644,3404.1276724918644,126526.05413599312,0.0,32604.322265625,108548.81978626549,3182.5749593203914
413,414,105223.54588662088,126526.05413599312,3404.1276724918644,3404.1276724918644,126526.05413599312,0.0,32581.216796875,115947.17249303311,3324.9729219179085
414,415,105223.54588662088,116523.74055609107,3321.4254526763925,3321.4254526763925,116523.74055609107,0.0,32540.546875,132377.57102155685,3510.276135275135
415,416,105223.54588662088,113718.97898706049,3276.95202967881,3276.95202967881,113718.97898706049,0.0,32537.787109375,114652.78097075969,3294.04161181592
416,417,105223.54588662088,116084.52138802409,3315.6620751127944,3315.6620751127944,116084.52138802409,0.0,32435.478515625,125170.07464069873,3388.174651683133
417,418,105223.54588662088,116094.86735852808,3315.7233905734006,3315.7233905734006,116094.86735852808,0.0,32586.341796875,116398.94323012233,3319.6050836662716
418,419,105223.54588662088,116094.86735852808,3315.7233905734006,3315.7233905734006,116094.86735852808,0.0,32576.65625,113718.66310623288,3279.923766459513
419,420,105223.54588662088,113708.06991772354,3276.902815630138,3276.902815630138,113708.06991772354,0.0,32818.75,109856.79176459461,3211.84710482438
420,421,105223.54588662088,113708.06991772354,3276.902815630138,3276.902815630138,113708.06991772354,0.0,32745.412109375,113610.09710882604,3275.8558434359384
421,422,105223.54588662088,115342.82822319865,3318.651673760197,3318.651673760197,115342.82822319865,0.0,32775.42578125,107749.62587606907,3170.8069574746487
422,423,105223.54588662088,115346.0148049742,3318.6618973664135,3318.6618973664135,115346.0148049742,0.0,32886.98046875,111399.78716604412,3242.105091809092
423,424,105223.54588662088,115337.03673768044,3318.5900742644876,3318.5900742644876,115337.03673768044,0.0,32864.1328125,111819.97462887317,3243.427695446484
424,425,105223.54588662088,115337.03673768044,3318.5900742644876,3318.5900742644876,115337.03673768044,0.0,32802.23046875,117827.31777762622,3349.796153598462
425,426,105223.54588662088,114064.16193343699,3298.57621205503,3298.57621205503,114064.16193343699,0.0,32211.5703125,110160.1945296526,3205.988755969096
426,427,105223.54588662088,114203.63952535391,3300.900756692405,3300.900756692405,114203.63952535391,0.0,32848.33203125,117862.61596330255,3353.7175687719764
427,428,105223.54588662088,114203.63952535391,3300.900756692405,3300.900756692405,114203.63952535391,0.0,32623.318359375,120369.46484979987,3342.0779613603536
428,429,105223.54588662088,110285.96204483509,3191.249732996512,3191.249732996512,110285.96204483509,0.0,32856.85546875,115817.5512880832,3313.7835951622633
429,430,105223.54588662088,110285.96204483509,3191.249732996512,3191.249732996512,110285.96204483509,0.0,32505.404296875,114042.09843374789,3285.3198348261644
430,431,105223.54588662088,110190.27168726921,3190.790432786598,3190.790432786598,110190.27168726921,0.0,32564.484375,115247.97139029205,3303.2477340005225
431,432,105223.54588662088,114335.49796162546,3298.703953114129,3298.703953114129,114335.49796162546,0.0,32419.2734375,115511.2392782718,3307.168481709762
432,433,105223.54588662088,114335.49796162546,3298.703953114129,3298.703953114129,114335.49796162546,0.0,32967.36328125,119239.32920163125,3367.2996562406192
433,434,105223.54588662088,114335.49796162546,3298.703953114129,3298.703953114129,114335.49796162546,0.0,32866.125,110375.02428045869,3194.6006573419845
434,435,105223.54588662088,114689.15837287903,3303.4597513437616,3303.4597513437616,114689.15837287903,0.0,32760.568359375,114127.5778163895,3296.5211779793867
435,436,105223.54588662088,114689.15837287903,3303.4597513437616,3303.4597513437616,114689.15837287903,0.0,32539.666015625,109423.53928168118,3189.1856010602532
436,437,105223.54588662088,114689.15837287903,3303.4597513437616,3303.4597513437616,114689.15837287903,0.0,32634.958984375,109492.21887667477,3191.5000737820683
437,438,105223.54588662088,114689.15837287903,3303.4597513437616,3303.4597513437616,114689.15837287903,0.0,32762.525390625,109574.61349562556,3197.8303810636703
438,439,105223.54588662088,114689.15837287903,3303.4597513437616,3303.4597513437616,114689.15837287903,0.0,32725.09375,114678.58537267894,3303.420446435488
439,440,105223.54588662088,109378.21318437159,3187.316482953544,3187.316482953544,109378.21318437159,0.0,32514.662109375,117153.72508927435,3341.6334335398674
440,441,105223.54588662088,110287.23628881574,3197.175402162992,3197.175402162992,110287.23628881574,0.0,32864.59765625,119997.43261092156,3380.327357012813
441,442,105223.54588662088,111453.19181586802,3204.725763571824,3204.725763571824,111453.19181586802,0.0,32567.494140625,113236.71255553514,3283.817080618991
442,443,105223.54588662088,112626.24410538375,3269.949960857378,3269.949960857378,112626.24410538375,0.0,32470.603515625,107419.67956539243,3162.7369155198107
443,444,105223.54588662088,111611.76048655808,3242.766830150279,3242.766830150279,111611.76048655808,0.0,32608.890625,112576.06885986775,3211.320372645511
444,445,105223.54588662088,111197.79115872085,3237.21312891873,3237.21312891873,111197.79115872085,0.0,32234.919921875,119350.82710160315,3372.7564322111357
445,446,105223.54588662088,112593.15851277858,3259.600912643499,3259.600912643499,112593.15851277858,0.0,32614.515625,111677.04456692934,3206.703045323262
446,447,105223.54588662088,112709.48136087507,3260.941068793753,3260.941068793753,112709.48136087507,0.0,32593.263671875,117831.24219223112,3346.444499234431
447,448,105223.54588662088,115746.95222274959,3314.5018908670545,3314.5018908670545,115746.95222274959,0.0,32781.625,110371.88766680658,3183.0416471640083
448,449,105223.54588662088,115730.61661212146,3314.410252720645,3314.410252720645,115730.61661212146,0.0,32375.263671875,114142.40481621772,3283.294389642328
449,450,105223.54588662088,115458.71621954441,3309.0884161548547,3309.0884161548547,115458.71621954441,0.0,32298.75,115180.86912833154,3315.019750368423
450,451,105223.54588662088,114990.38964088261,3303.1803852572,3303.1803852572,114990.38964088261,0.0,32600.6484375,115084.68994597346,3297.568763109377
451,452,105223.54588662088,117286.26365613192,3336.591474020871,3336.591474020871,117286.26365613192,0.0,32387.830078125,118283.12434473634,3351.992265166262
452,453,105223.54588662088,117269.42511110008,3336.500492873398,3336.500492873398,117269.42511110008,0.0,32593.443359375,114329.83679545671,3286.7884719091767
453,454,105223.54588662088,118102.86367104203,3350.078721213822,3350.078721213822,118102.86367104203,0.0,32424.8203125,119494.97964774817,3370.9501915676433
454,455,105223.54588662088,112237.70507698506,3247.1003282254705,3247.1003282254705,112237.70507698506,0.0,32381.205078125,115308.89208003879,3300.9299601966027
455,456,105223.54588662088,113287.30983673036,3283.171594076122,3283.171594076122,113287.30983673036,0.0,32131.634765625,117947.8225678578,3351.729683880909
456,457,105223.54588662088,117143.80302278697,3332.168958652627,3332.168958652627,117143.80302278697,0.0,32484.818359375,112987.54302626103,3277.4312946852006
457,458,105223.54588662088,117154.52293048799,3332.2269830280197,3332.2269830280197,117154.52293048799,0.0,32489.388671875,115887.32293911278,3309.2601019871236
458,459,105223.54588662088,108355.56024956703,3170.9060202601204,3170.9060202601204,108355.56024956703,0.0,32410.703125,129570.98753427714,3371.223925889742
459,460,105223.54588662088,108355.56024956703,3170.9060202601204,3170.9060202601204,108355.56024956703,0.0,32429.724609375,109266.68724704534,3180.673361897205
460,461,105223.54588662088,108480.29434430599,3177.5910773476617,3177.5910773476617,108480.29434430599,0.0,32446.873046875,119325.47806340456,3369.8927153053537
461,462,105223.54588662088,108480.29434430599,3177.5910773476617,3177.5910773476617,108480.29434430599,0.0,32289.443359375,115030.67343882471,3295.960258547996
462,463,105223.54588662088,108480.29434430599,3177.5910773476617,3177.5910773476617,108480.29434430599,0.0,32504.9375,112689.52155269682,3256.671154243304
463,464,105223.54588662088,108390.82367192209,3177.063480107463,3177.063480107463,108390.82367192209,0.0,32258.65625,113859.79789598286,3281.6621092654304
464,465,105223.54588662088,108390.82367192209,3177.063480107463,3177.063480107463,108390.82367192209,0.0,32653.171875,133394.17276205868,3391.4975902278034
465,466,105223.54588662088,109311.94926847517,3183.71414315281,3183.71414315281,109311.94926847517,0.0,32537.7734375,115588.40655013919,3320.3140633411704
466,467,105223.54588662088,109311.94926847517,3183.71414315281,3183.71414315281,109311.94926847517,0.0,32496.0390625,111972.98886024952,3209.427732135161
467,468,105223.54588662088,109111.02826551348,3182.3814446643337,3182.3814446643337,109111.02826551348,0.0,32646.818359375,108250.65487700701,3181.974232923595
468,469,105223.54588662088,109111.02826551348,3182.3814446643337,3182.3814446643337,109111.02826551348,0.0,32723.890625,114382.65228286386,3287.2845716534785
469,470,105223.54588662088,109193.54469045997,3182.6939871609557,3182.6939871609557,109193.54469045997,0.0,32466.115234375,112792.55220904946,3259.535500258001
470,471,105223.54588662088,109193.54469045997,3182.6939871609557,3182.6939871609557,109193.54469045997,0.0,32333.302734375,111439.84302105755,3211.6909274023537
471,472,105223.54588662088,109254.58006097376,3183.0305688000412,3183.0305688000412,109254.58006097376,0.0,32700.2265625,118245.99031372368,3353.329332147642
472,473,105223.54588662088,109254.58006097376,3183.0305688000412,3183.0305688000412,109254.58006097376,0.0,32559.173828125,109643.89332076907,3176.9250554851615
473,474,105223.54588662088,108580.34837502986,3177.7698800022554,3177.7698800022554,108580.34837502986,0.0,32402.6953125,116881.05083940178,3332.5247718883707
474,475,105223.54588662088,118510.76781841367,3361.8596492132433,3361.8596492132433,118510.76781841367,0.0,32536.955078125,119717.08385871351,3240.4689547180556
